{"count":1,"self":61873.5796224,"total":61908.6934222,"children":{"AgentSendState":{"count":150841,"self":0.9475846,"total":7.0720931,"children":{"CollectObservations":{"count":150685,"self":5.6792983999999995,"total":5.6792982,"children":null},"WriteActionMask":{"count":150685,"self":0.10961169999999999,"total":0.10961169999999999,"children":null},"RequestDecision":{"count":150685,"self":0.33559859999999997,"total":0.33559859999999997,"children":null}}},"DecideAction":{"count":150841,"self":18.182851199999998,"total":18.1828506,"children":null},"AgentAct":{"count":150841,"self":9.8559624,"total":9.8559624,"children":null},"InitializeActuators":{"count":5,"self":0.0015205,"total":0.0015205,"children":null},"InitializeSensors":{"count":5,"self":0.0025372999999999997,"total":0.0025372999999999997,"children":null}},"gauges":{"Walker2d-v0.CumulativeReward":{"count":170,"max":706.477661,"min":12.8591623,"runningAverage":585.5962,"value":698.2082,"weightedAverage":663.4266}},"metadata":{"timer_format_version":"0.1.0","start_time_seconds":"1778455333","unity_version":"6000.3.15f1","command_line_arguments":"D:\\Unity\\Editor\\6000.3.15f1\\Editor\\Unity.exe -projectpath D:\\Projetos\\marathon-envs\\UnitySDK -acceptSoftwareTermsForThisRunOnly -useHub -hubIPC -cloudEnvironment production","communication_protocol_version":"1.5.0","com.unity.ml-agents_version":"4.0.2","scene_name":"MarathonEnvs","end_time_seconds":"1778517241"}}